<?xml version="1.0" encoding="UTF-8"?>
<project-private xmlns="http://www.netbeans.org/ns/project-private/1">
    <editor-bookmarks xmlns="http://www.netbeans.org/ns/editor-bookmarks/2" lastBookmarkId="0"/>
    <open-files xmlns="http://www.netbeans.org/ns/projectui-open-files/2">
        <group>
            <file>file:/C:/Users/fatma/OneDrive/Documents/NetBeansProjects/Boutique/src/VotrePanier/Main.java</file>
            <file>file:/C:/Users/fatma/OneDrive/Documents/NetBeansProjects/Boutique/src/Panier/fx/PanierController.java</file>
            <file>file:/C:/Users/fatma/OneDrive/Documents/NetBeansProjects/Boutique/src/VotrePanier.fxml</file>
            <file>file:/C:/Users/fatma/OneDrive/Documents/NetBeansProjects/Boutique/src/Panier/fx/Panier.fxml</file>
            <file>file:/C:/Users/fatma/OneDrive/Documents/NetBeansProjects/Boutique/src/VotrePanier/VotrePanier.fxml</file>
            <file>file:/C:/Users/fatma/OneDrive/Documents/NetBeansProjects/Boutique/src/Panier/fx/MainGui.java</file>
        </group>
    </open-files>
</project-private>
